tiam_region_code,tiam_region_name,low_carbon_wacc_pct,high_carbon_wacc_pct,reduced_wacc_pct,source
AFR,Africa,11.8,8.9,5.1,"Ameli et al. 2021 Fig. 2, bubble labels"
MEX,Mexico,11.8,8.9,5.1,"Ameli et al. 2021 Fig. 2, bubble labels"
CSA,Central and South America,9.2,7.3,5.1,"Ameli et al. 2021 Fig. 2, bubble labels"
IND,India,8.2,6.3,5.1,"Ameli et al. 2021 Fig. 2, bubble labels"
MEA,Middle-east,6.8,5.1,5.1,"Ameli et al. 2021 Fig. 2, bubble labels"
ODA,Other Developing Asia,6.8,5.1,5.1,"Ameli et al. 2021 Fig. 2, bubble labels"
SKO,South Korea,6.8,5.1,5.1,"Ameli et al. 2021 Fig. 2, bubble labels"
CHI,China,6.6,6.6,5.1,"Ameli et al. 2021 Fig. 2, bubble labels"
AUS,Australia,6.1,5.1,5.1,"Ameli et al. 2021 Fig. 2, bubble labels"
EEU,Eastern Europe,5.8,5.5,5.1,"Ameli et al. 2021 Fig. 2, bubble labels"
FSU,Former Soviet Union,5.8,5.5,5.1,"Ameli et al. 2021 Fig. 2, bubble labels"
CAN,Canada,5.4,4.6,4.6,"Ameli et al. 2021 Fig. 2, bubble labels"
USA,USA,5.1,4.4,4.4,"Ameli et al. 2021 Fig. 2, bubble labels"
UK,United Kingdom,4.4,4.3,4.3,"Ameli et al. 2021 Fig. 2, bubble labels"
WEU,Western Europe,4.2,4.0,4.0,"Ameli et al. 2021 Fig. 2, bubble labels"
JAP,Japan,2.4,1.8,1.8,"Ameli et al. 2021 Fig. 2, bubble labels"
