lat,lon,source_lat,source_lon,distance_km
-75,-180,-74,-180,111.195
-75,-179,-74,-179,111.195
-75,-178,-74,-178,111.195
-75,-177,-74,-177,111.195
-75,-176,-74,-176,111.195
-75,-175,-74,-175,111.195
-75,-174,-74,-174,111.195
-75,-173,-74,-173,111.195
-75,-172,-74,-172,111.195
-75,-171,-74,-171,111.195
-75,-170,-74,-170,111.195
-75,-169,-74,-169,111.195
-75,-168,-74,-168,111.195
-75,-167,-74,-167,111.195
-75,-166,-74,-166,111.195
-75,-165,-74,-165,111.195
-75,-164,-74,-164,111.195
-75,-163,-74,-163,111.195
-75,-162,-74,-162,111.195
-75,-161,-74,-161,111.195
-75,-160,-74,-160,111.195
-75,-159,-74,-159,111.195
-75,-158,-74,-158,111.195
-75,-157,-74,-157,111.195
-75,-156,-74,-156,111.195
-75,-155,-74,-155,111.195
-75,-154,-74,-154,111.195
-75,-153,-74,-153,111.195
-75,-152,-74,-152,111.195
-75,-151,-74,-151,111.195
-75,-150,-74,-150,111.195
-75,-149,-74,-149,111.195
-75,-148,-74,-148,111.195
-75,-147,-74,-147,111.195
-75,-146,-74,-146,111.195
-75,-145,-74,-145,111.195
-75,-144,-74,-144,111.195
-75,-143,-74,-143,111.195
-75,-142,-74,-142,111.195
-75,-141,-74,-141,111.195
-75,-140,-74,-140,111.195
-75,-139,-74,-139,111.195
-75,-138,-74,-138,111.195
-75,-137,-74,-137,111.195
-75,-136,-74,-136,111.195
-75,-135,-74,-135,111.195
-75,-134,-74,-134,111.195
-75,-133,-74,-133,111.195
-75,-132,-74,-132,111.195
-75,-131,-74,-131,111.195
-75,-130,-74,-130,111.195
-75,-129,-74,-129,111.195
-75,-128,-74,-128,111.195
-75,-127,-74,-127,111.195
-75,-126,-74,-126,111.195
-75,-125,-74,-125,111.195
-75,-124,-74,-124,111.195
-75,-123,-74,-123,111.195
-75,-122,-74,-122,111.195
-75,-121,-74,-121,111.195
-75,-120,-74,-120,111.195
-75,-119,-74,-119,111.195
-75,-118,-74,-118,111.195
-75,-117,-74,-117,111.195
-75,-116,-74,-116,111.195
-75,-115,-74,-115,111.195
-75,-114,-74,-114,111.195
-75,-113,-74,-113,111.195
-75,-112,-74,-112,111.195
-75,-111,-74,-111,111.195
-75,-110,-74,-110,111.195
-75,-109,-74,-109,111.195
-75,-108,-74,-108,111.195
-75,-107,-74,-107,111.195
-75,-106,-74,-106,111.195
-75,-105,-74,-105,111.195
-75,-104,-74,-104,111.195
-75,-103,-74,-103,111.195
-75,-102,-74,-102,111.195
-75,-101,-74,-101,111.195
-75,-100,-74,-100,111.195
-75,-99,-74,-100,115.093
-75,-98,-74,-100,126.065
-75,-97,-74,-100,142.484
-75,-96,-74,-100,162.705
-75,-95,-74,-100,185.484
-75,-94,-74,-100,209.985
-75,-93,-73,-93,222.39
-75,-92,-73,-92,222.39
-75,-91,-73,-91,222.39
-75,-90,-73,-90,222.39
-75,-89,-73,-89,222.39
-75,-88,-73,-88,222.39
-75,-87,-73,-87,222.39
-75,-86,-73,-86,222.39
-75,-85,-73,-85,222.39
-75,-84,-73,-84,222.39
-75,-83,-73,-83,222.39
-75,-82,-73,-82,222.39
-75,-81,-73,-81,222.39
-75,-80,-73,-80,222.39
-75,-79,-73,-79,222.39
-75,-78,-73,-78,222.39
-75,-77,-73,-77,222.39
-75,-76,-73,-76,222.39
-75,-75,-73,-75,222.39
-75,-74,-73,-74,222.39
-75,-73,-73,-73,222.39
-75,-72,-73,-72,222.39
-75,-71,-74,-65,209.985
-75,-70,-74,-65,185.484
-75,-69,-74,-65,162.705
-75,-68,-74,-65,142.484
-75,-67,-74,-65,126.065
-75,-66,-74,-65,115.093
-75,-65,-74,-65,111.195
-75,-64,-74,-64,111.195
-75,-63,-74,-63,111.195
-75,-62,-74,-62,111.195
-75,-61,-74,-61,111.195
-75,-60,-74,-60,111.195
-75,-59,-74,-59,111.195
-75,-58,-74,-58,111.195
-75,-57,-74,-57,111.195
-75,-56,-74,-56,111.195
-75,-55,-74,-55,111.195
-75,-54,-74,-54,111.195
-75,-53,-74,-53,111.195
-75,-52,-74,-52,111.195
-75,-51,-74,-51,111.195
-75,-50,-74,-50,111.195
-75,-49,-74,-49,111.195
-75,-48,-74,-48,111.195
-75,-47,-74,-47,111.195
-75,-46,-74,-46,111.195
-75,-45,-74,-45,111.195
-75,-44,-74,-44,111.195
-75,-43,-74,-43,111.195
-75,-42,-74,-42,111.195
-75,-41,-74,-41,111.195
-75,-40,-74,-40,111.195
-75,-39,-74,-39,111.195
-75,-38,-74,-38,111.195
-75,-37,-74,-37,111.195
-75,-36,-74,-36,111.195
-75,-35,-74,-35,111.195
-75,-34,-74,-34,111.195
-75,-33,-74,-33,111.195
-75,-32,-74,-32,111.195
-75,-31,-74,-31,111.195
-75,-30,-74,-30,111.195
-75,-29,-74,-29,111.195
-75,-28,-74,-28,111.195
-75,-27,-74,-27,111.195
-75,-26,-74,-26,111.195
-75,-25,-74,-25,111.195
-75,-24,-74,-24,111.195
-75,-23,-74,-23,111.195
-75,-22,-74,-22,111.195
-75,-21,-74,-21,111.195
-75,-20,-74,-20,111.195
-75,-19,-74,-19,111.195
-75,-18,-74,-18,111.195
-75,-17,-74,-17,111.195
-75,-16,-74,-16,111.195
-75,-15,-74,-15,111.195
-75,-14,-74,-15,115.093
-75,-13,-74,-12,115.093
-75,-12,-74,-12,111.195
-75,-11,-74,-12,115.093
-75,-10,-74,-10,111.195
-75,-9,-74,-10,115.093
-75,-8,-74,-10,126.065
-75,-7,-74,-10,142.484
-75,-6,-74,-10,162.705
-75,-5,-74,-10,185.484
-75,-4,-74,-10,209.985
-75,-3,-74,-10,235.665
-75,-2,-74,-10,262.173
-75,-1,-74,-10,289.274
-75,0,-74,-10,316.809
-75,1,-72,0,335.064
-75,2,-72,2,333.585
-75,3,-72,3,333.585
-75,4,-72,3,335.064
-75,5,-72,3,339.464
-75,6,-72,3,346.671
-75,7,-72,3,356.514
-75,8,-72,3,368.779
-75,9,-72,3,383.23
-75,10,-72,3,399.626
-75,11,-72,3,417.735
-75,12,-72,3,437.338
-75,13,-72,22,437.338
-75,14,-72,22,417.735
-75,15,-72,22,399.626
-75,16,-72,22,383.23
-75,17,-72,22,368.779
-75,18,-72,22,356.514
-75,19,-72,22,346.671
-75,20,-72,22,339.464
-75,21,-72,22,335.064
-75,22,-72,22,333.585
-75,23,-72,23,333.585
-75,24,-72,24,333.585
-75,25,-72,25,333.585
-75,26,-72,26,333.585
-75,27,-72,26,335.064
-75,28,-72,26,339.464
-75,29,-72,26,346.671
-75,30,-72,26,356.514
-75,31,-72,26,368.779
-75,32,-72,26,383.23
-75,33,-72,26,399.626
-75,34,-72,26,417.735
-75,35,-72,26,437.338
-75,36,-72,26,458.238
-75,37,-72,26,480.262
-75,38,-72,26,503.255
-75,39,-72,26,527.085
-75,40,-72,26,551.637
-75,41,-70,39,559.903
-75,42,-70,39,564.773
-75,43,-70,39,571.52
-75,44,-73,61,563.984
-75,45,-73,61,536.274
-75,46,-73,61,508.828
-75,47,-73,61,481.7
-75,48,-73,61,454.954
-75,49,-73,61,428.672
-75,50,-73,61,402.951
-75,51,-73,61,377.914
-75,52,-73,61,353.715
-75,53,-73,61,330.544
-75,54,-73,61,308.641
-75,55,-73,61,288.302
-75,56,-73,61,269.887
-75,57,-73,61,253.82
-75,58,-73,61,240.578
-75,59,-73,61,230.652
-75,60,-74,66,209.985
-75,61,-74,66,185.484
-75,62,-74,66,162.705
-75,63,-74,66,142.484
-75,64,-74,66,126.065
-75,65,-74,66,115.093
-75,66,-74,66,111.195
-75,67,-74,66,115.093
-75,68,-74,66,126.065
-75,69,-74,66,142.484
-75,70,-74,66,162.705
-75,71,-74,66,185.484
-75,72,-74,66,209.985
-75,73,-74,66,235.665
-75,74,-74,66,262.173
-75,75,-74,66,289.274
-75,76,-74,66,316.809
-75,77,-74,66,344.668
-75,78,-74,66,372.771
-75,79,-74,66,401.06
-75,80,-73,68,428.672
-75,81,-73,68,454.954
-75,82,-73,68,481.7
-75,83,-73,68,508.828
-75,84,-73,68,536.274
-75,85,-73,68,563.984
-75,86,-73,68,591.913
-75,87,-73,68,620.026
-75,88,-73,68,648.29
-75,89,-73,68,676.679
-75,90,-73,68,705.17
-75,91,-73,68,733.745
-75,92,-73,68,762.385
-75,93,-73,68,791.077
-75,94,-73,68,819.806
-75,95,-73,68,848.562
-75,96,-72,70,877.249
-75,97,-72,70,905.7
-75,98,-72,70,934.238
-75,99,-72,70,962.845
-75,100,-72,70,991.509
-75,101,-67,113,985.579
-75,102,-67,113,970.921
-75,103,-67,113,957.327
-75,104,-67,113,944.849
-75,105,-67,113,933.533
-75,106,-67,113,923.426
-75,107,-67,113,914.571
-75,108,-67,113,907.006
-75,109,-67,113,900.766
-75,110,-67,113,895.882
-75,111,-67,113,892.375
-75,112,-67,113,890.264
-75,113,-67,113,889.559
-75,114,-67,114,889.559
-75,115,-67,115,889.559
-75,116,-67,116,889.559
-75,117,-67,117,889.559
-75,118,-67,118,889.559
-75,119,-67,119,889.559
-75,120,-67,120,889.559
-75,121,-67,121,889.559
-75,122,-67,121,890.264
-75,123,-67,121,892.375
-75,124,-67,121,895.882
-75,125,-67,127,892.375
-75,126,-67,127,890.264
-75,127,-67,127,889.559
-75,128,-67,128,889.559
-75,129,-67,129,889.559
-75,130,-67,129,890.264
-75,131,-67,129,892.375
-75,132,-74,162,888.559
-75,133,-74,162,860.004
-75,134,-74,162,831.406
-75,135,-74,162,802.767
-75,136,-74,162,774.093
-75,137,-74,162,745.387
-75,138,-74,162,716.654
-75,139,-74,162,687.901
-75,140,-74,162,659.132
-75,141,-74,162,630.354
-75,142,-74,162,601.576
-75,143,-74,162,572.805
-75,144,-74,162,544.052
-75,145,-74,162,515.328
-75,146,-74,162,486.648
-75,147,-74,162,458.028
-75,148,-74,162,429.49
-75,149,-74,162,401.06
-75,150,-74,162,372.771
-75,151,-74,162,344.668
-75,152,-74,162,316.809
-75,153,-74,162,289.274
-75,154,-74,162,262.173
-75,155,-74,162,235.665
-75,156,-74,162,209.985
-75,157,-74,162,185.484
-75,158,-74,162,162.705
-75,159,-74,162,142.484
-75,160,-74,162,126.065
-75,161,-74,162,115.093
-75,162,-74,162,111.195
-75,163,-74,163,111.195
-75,164,-74,164,111.195
-75,165,-74,165,111.195
-75,166,-74,166,111.195
-75,167,-74,167,111.195
-75,168,-74,168,111.195
-75,169,-74,169,111.195
-75,170,-74,170,111.195
-75,171,-74,171,111.195
-75,172,-74,172,111.195
-75,173,-74,173,111.195
-75,174,-74,174,111.195
-75,175,-74,175,111.195
-75,176,-74,176,111.195
-75,177,-74,177,111.195
-75,178,-74,178,111.195
-75,179,-74,179,111.195
-74,-99,-74,-100,30.6491
-74,-98,-74,-100,61.2961
-74,-97,-74,-100,91.9387
-74,-96,-73,-96,111.195
-74,-95,-73,-95,111.195
-74,-94,-73,-94,111.195
-74,-93,-73,-93,111.195
-74,-92,-73,-92,111.195
-74,-91,-73,-91,111.195
-74,-90,-73,-90,111.195
-74,-89,-73,-89,111.195
-74,-88,-73,-88,111.195
-74,-87,-73,-87,111.195
-74,-86,-73,-86,111.195
-74,-85,-73,-85,111.195
-74,-84,-73,-84,111.195
-74,-83,-73,-83,111.195
-74,-82,-73,-82,111.195
-74,-81,-73,-81,111.195
-74,-80,-73,-80,111.195
-74,-79,-73,-79,111.195
-74,-78,-73,-78,111.195
-74,-77,-73,-77,111.195
-74,-76,-73,-76,111.195
-74,-75,-73,-75,111.195
-74,-74,-73,-74,111.195
-74,-73,-73,-73,111.195
-74,-72,-73,-72,111.195
-74,-71,-73,-71,111.195
-74,-70,-73,-70,111.195
-74,-69,-73,-69,111.195
-74,-68,-74,-65,91.9387
-74,-67,-74,-65,61.2961
-74,-66,-74,-65,30.6491
-74,-14,-74,-15,30.6491
-74,-13,-74,-12,30.6491
-74,-11,-74,-12,30.6491
-74,-9,-74,-10,30.6491
-74,-8,-74,-10,61.2961
-74,-7,-74,-10,91.9387
-74,-6,-74,-10,122.575
-74,-5,-74,-10,153.202
-74,-4,-74,-10,183.819
-74,-3,-74,-10,214.423
-74,-2,-72,-3,224.746
-74,-1,-72,-1,222.39
-74,0,-72,0,222.39
-74,1,-72,0,224.746
-74,2,-72,2,222.39
-74,3,-72,3,222.39
-74,4,-72,3,224.746
-74,5,-72,3,231.669
-74,6,-72,3,242.766
-74,7,-72,3,257.497
-74,8,-72,3,275.275
-74,9,-72,3,295.545
-74,10,-72,3,317.826
-74,11,-71,11,333.585
-74,12,-71,12,333.585
-74,13,-71,12,335.244
-74,14,-71,12,340.174
-74,15,-72,22,317.826
-74,16,-72,22,295.545
-74,17,-72,22,275.275
-74,18,-72,22,257.497
-74,19,-72,22,242.766
-74,20,-72,22,231.669
-74,21,-72,22,224.746
-74,22,-72,22,222.39
-74,23,-72,23,222.39
-74,24,-72,24,222.39
-74,25,-72,25,222.39
-74,26,-72,26,222.39
-74,27,-72,26,224.746
-74,28,-72,26,231.669
-74,29,-72,26,242.766
-74,30,-72,26,257.497
-74,31,-72,26,275.275
-74,32,-72,26,295.545
-74,33,-72,26,317.826
-74,34,-72,26,341.72
-74,35,-72,26,366.905
-74,36,-72,26,393.127
-74,37,-72,26,420.186
-74,38,-70,38,444.78
-74,39,-70,39,444.78
-74,40,-70,39,446.089
-74,41,-70,39,449.994
-74,42,-70,39,456.427
-74,43,-70,39,465.282
-74,44,-70,39,476.421
-74,45,-70,39,489.685
-74,46,-73,61,485.175
-74,47,-73,61,454.732
-74,48,-73,61,424.387
-74,49,-73,61,394.176
-74,50,-73,61,364.139
-74,51,-73,61,334.334
-74,52,-73,61,304.838
-74,53,-73,61,275.76
-74,54,-73,61,247.256
-74,55,-73,61,219.561
-74,56,-73,61,193.033
-74,57,-73,61,168.232
-74,58,-73,61,146.05
-74,59,-73,61,127.866
-74,60,-73,61,115.589
-74,61,-73,61,111.195
-74,62,-73,62,111.195
-74,63,-74,66,91.9387
-74,64,-74,66,61.2961
-74,65,-74,66,30.6491
-74,67,-74,66,30.6491
-74,68,-74,66,61.2961
-74,69,-74,66,91.9387
-74,70,-74,66,122.575
-74,71,-73,68,146.05
-74,72,-73,68,168.232
-74,73,-73,68,193.033
-74,74,-73,68,219.561
-74,75,-73,68,247.256
-74,76,-73,68,275.76
-74,77,-73,68,304.838
-74,78,-73,68,334.334
-74,79,-73,68,364.139
-74,80,-72,70,393.127
-74,81,-72,70,420.186
-74,82,-72,70,447.923
-74,83,-72,70,476.212
-74,84,-72,70,504.954
-74,85,-72,70,534.067
-74,86,-72,70,563.487
-74,87,-72,70,593.161
-74,88,-72,70,623.045
-74,89,-72,70,653.102
-74,90,-72,70,683.301
-74,91,-72,70,713.616
-74,92,-69,78,740.082
-74,93,-69,78,763.443
-74,94,-69,78,787.616
-74,95,-69,78,812.522
-74,96,-69,78,838.09
-74,97,-69,78,864.254
-74,98,-66,98,889.559
-74,99,-66,99,889.559
-74,100,-66,100,889.559
-74,101,-66,101,889.559
-74,102,-67,113,875.75
-74,103,-67,113,859.677
-74,104,-67,113,844.858
-74,105,-67,113,831.363
-74,106,-67,113,819.263
-74,107,-67,113,808.623
-74,108,-67,113,799.504
-74,109,-67,113,791.961
-74,110,-67,113,786.043
-74,111,-67,113,781.787
-74,112,-67,113,779.222
-74,113,-67,113,778.364
-74,114,-67,114,778.364
-74,115,-67,115,778.364
-74,116,-67,116,778.364
-74,117,-67,117,778.364
-74,118,-67,118,778.364
-74,119,-67,119,778.364
-74,120,-67,120,778.364
-74,121,-67,121,778.364
-74,122,-67,121,779.222
-74,123,-67,121,781.787
-74,124,-67,121,786.043
-74,125,-67,127,781.787
-74,126,-67,127,779.222
-74,127,-67,127,778.364
-74,128,-67,128,778.364
-74,129,-67,129,778.364
-74,130,-67,129,779.222
-74,131,-67,129,781.787
-74,132,-67,129,786.043
-74,133,-67,129,791.961
-74,134,-68,146,792.9
-74,135,-68,146,774.242
-74,136,-68,146,756.787
-74,137,-68,146,740.625
-74,138,-68,146,725.847
-74,139,-73,161,699.448
-74,140,-73,161,668.805
-74,141,-73,161,638.156
-74,142,-73,161,607.509
-74,143,-73,161,576.876
-74,144,-73,161,546.266
-74,145,-73,161,515.694
-74,146,-73,161,485.175
-74,147,-73,161,454.732
-74,148,-73,161,424.387
-74,149,-73,161,394.176
-74,150,-73,161,364.139
-74,151,-73,161,334.334
-74,152,-73,161,304.838
-74,153,-74,162,275.583
-74,154,-74,162,245.012
-74,155,-74,162,214.423
-74,156,-74,162,183.819
-74,157,-74,162,153.202
-74,158,-74,162,122.575
-74,159,-74,162,91.9387
-74,160,-74,162,61.2961
-74,161,-74,162,30.6491
-73,-68,-73,-69,32.5099
-73,-67,-73,-69,65.0175
-73,-66,-73,-69,97.5206
-73,-65,-73,-63,65.0175
-73,-64,-73,-63,32.5099
-73,-13,-73,-14,32.5099
-73,-12,-73,-14,65.0175
-73,-11,-73,-14,97.5206
-73,-10,-74,-10,111.195
-73,-9,-74,-10,115.589
-73,-8,-74,-10,127.866
-73,-7,-74,-10,146.05
-73,-6,-72,-4,129.74
-73,-5,-72,-4,116.11
-73,-4,-72,-4,111.195
-73,-3,-72,-3,111.195
-73,-2,-72,-3,116.11
-73,-1,-72,-1,111.195
-73,0,-72,0,111.195
-73,1,-72,0,116.11
-73,2,-72,2,111.195
-73,3,-72,3,111.195
-73,4,-72,3,116.11
-73,5,-72,3,129.74
-73,6,-72,3,149.722
-73,7,-72,3,173.874
-73,8,-72,3,200.691
-73,9,-71,9,222.39
-73,10,-71,10,222.39
-73,11,-71,11,222.39
-73,12,-71,12,222.39
-73,13,-71,12,225.021
-73,14,-71,12,232.735
-73,15,-71,12,245.05
-73,16,-72,22,229.234
-73,17,-72,22,200.691
-73,18,-72,22,173.874
-73,19,-72,22,149.722
-73,20,-72,22,129.74
-73,21,-72,22,116.11
-73,22,-72,22,111.195
-73,23,-72,23,111.195
-73,24,-72,24,111.195
-73,25,-72,25,111.195
-73,26,-72,26,111.195
-73,27,-72,26,116.11
-73,28,-72,26,129.74
-73,29,-72,26,149.722
-73,30,-72,26,173.874
-73,31,-72,26,200.691
-73,32,-72,26,229.234
-73,33,-72,26,258.926
-73,34,-72,26,289.406
-73,35,-72,26,320.443
-73,36,-70,38,340.92
-73,37,-70,38,335.434
-73,38,-70,38,333.585
-73,39,-70,39,333.585
-73,40,-70,39,335.434
-73,41,-70,39,340.92
-73,42,-70,39,349.87
-73,43,-70,39,362.026
-73,44,-70,39,377.074
-73,45,-70,39,394.681
-73,46,-70,39,414.514
-73,47,-70,39,436.267
-73,48,-73,61,421.804
-73,49,-73,61,389.471
-73,50,-73,61,357.111
-73,51,-73,61,324.725
-73,52,-73,61,292.317
-73,53,-73,61,259.889
-73,54,-73,61,227.442
-73,55,-73,61,194.98
-73,56,-73,61,162.504
-73,57,-73,61,130.017
-73,58,-73,61,97.5206
-73,59,-73,61,65.0175
-73,60,-73,61,32.5099
-73,69,-73,68,32.5099
-73,70,-73,68,65.0175
-73,71,-73,68,97.5206
-73,72,-72,70,129.74
-73,73,-72,70,149.722
-73,74,-72,70,173.874
-73,75,-72,70,200.691
-73,76,-72,70,229.234
-73,77,-72,70,258.926
-73,78,-72,70,289.406
-73,79,-72,70,320.443
-73,80,-72,70,351.882
-73,81,-72,70,383.616
-73,82,-72,70,415.57
-73,83,-72,70,447.69
-73,84,-72,70,479.932
-73,85,-69,78,511.164
-73,86,-69,78,529.799
-73,87,-69,78,550.142
-73,88,-69,78,572.004
-73,89,-69,78,595.214
-73,90,-69,78,619.614
-73,91,-69,78,645.062
-73,92,-69,78,671.432
-73,93,-69,78,698.614
-73,94,-69,78,726.51
-73,95,-67,86,748.015
-73,96,-67,86,765.705
-73,97,-66,97,778.364
-73,98,-66,98,778.364
-73,99,-66,99,778.364
-73,100,-66,100,778.364
-73,101,-66,101,778.364
-73,102,-66,101,779.311
-73,103,-67,113,765.705
-73,104,-67,113,748.015
-73,105,-67,113,731.812
-73,106,-67,113,717.201
-73,107,-67,113,704.284
-73,108,-67,113,693.161
-73,109,-67,113,683.921
-73,110,-67,113,676.645
-73,111,-67,113,671.398
-73,112,-67,113,668.229
-73,113,-67,113,667.17
-73,114,-67,114,667.17
-73,115,-67,115,667.17
-73,116,-67,116,667.17
-73,117,-67,117,667.17
-73,118,-67,118,667.17
-73,119,-67,119,667.17
-73,120,-67,120,667.17
-73,121,-67,121,667.17
-73,122,-67,121,668.229
-73,123,-67,121,671.398
-73,124,-67,121,676.645
-73,125,-67,127,671.398
-73,126,-67,127,668.229
-73,127,-67,127,667.17
-73,128,-67,128,667.17
-73,129,-67,129,667.17
-73,130,-67,129,668.229
-73,131,-67,129,671.398
-73,132,-67,129,676.645
-73,133,-67,129,683.921
-73,134,-67,129,693.161
-73,135,-68,146,687.55
-73,136,-68,146,666.628
-73,137,-68,146,647.098
-73,138,-68,146,629.095
-73,139,-68,146,612.759
-73,140,-68,146,598.232
-73,141,-68,146,585.65
-73,142,-68,146,575.147
-73,143,-68,146,566.841
-73,144,-72,160,544.67
-73,145,-72,160,512.268
-73,146,-72,160,479.932
-73,147,-72,160,447.69
-73,148,-72,160,415.57
-73,149,-72,160,383.616
-73,150,-72,160,351.882
-73,151,-72,160,320.443
-73,152,-72,160,289.406
-73,153,-72,160,258.926
-73,154,-73,161,227.442
-73,155,-73,161,194.98
-73,156,-73,161,162.504
-73,157,-73,161,130.017
-73,158,-73,161,97.5206
-73,159,-73,161,65.0175
-73,160,-73,161,32.5099
-72,-66,-72,-67,34.3607
-72,-65,-72,-67,68.7191
-72,-64,-72,-63,34.3607
-72,-11,-72,-12,34.3607
-72,-10,-72,-12,68.7191
-72,-9,-72,-12,103.073
-72,-8,-71,-8,111.195
-72,-7,-72,-4,103.073
-72,-6,-72,-4,68.7191
-72,-5,-72,-4,34.3607
-72,-2,-72,-3,34.3607
-72,1,-72,0,34.3607
-72,4,-72,3,34.3607
-72,5,-72,3,68.7191
-72,6,-72,3,103.073
-72,7,-71,9,131.681
-72,8,-71,9,116.654
-72,9,-71,9,111.195
-72,10,-71,10,111.195
-72,11,-71,11,111.195
-72,12,-71,12,111.195
-72,13,-71,12,116.654
-72,14,-71,12,131.681
-72,15,-71,12,153.486
-72,16,-71,12,179.613
-72,17,-72,22,171.756
-72,18,-72,22,137.419
-72,19,-72,22,103.073
-72,20,-72,22,68.7191
-72,21,-72,22,34.3607
-72,27,-72,26,34.3607
-72,28,-72,26,68.7191
-72,29,-72,26,103.073
-72,30,-72,26,137.419
-72,31,-72,26,171.756
-72,32,-72,26,206.082
-72,33,-70,32,225.309
-72,34,-70,32,233.848
-72,35,-70,32,247.423
-72,36,-70,38,233.848
-72,37,-70,38,225.309
-72,38,-70,38,222.39
-72,39,-70,39,222.39
-72,40,-70,39,225.309
-72,41,-70,39,233.848
-72,42,-70,39,247.423
-72,43,-70,39,265.259
-72,44,-70,39,286.557
-72,45,-70,39,310.6
-72,46,-70,39,336.796
-72,47,-70,39,364.674
-72,48,-70,39,393.87
-72,49,-73,61,415.57
-72,50,-73,61,383.616
-72,51,-73,61,351.882
-72,52,-73,61,320.443
-72,53,-73,61,289.406
-72,54,-73,61,258.926
-72,55,-73,61,229.234
-72,56,-73,61,200.691
-72,57,-73,61,173.874
-72,58,-73,61,149.722
-72,59,-73,61,129.74
-72,60,-73,61,116.11
-72,61,-73,61,111.195
-72,62,-73,62,111.195
-72,63,-72,66,103.073
-72,64,-72,66,68.7191
-72,65,-72,66,34.3607
-72,71,-72,70,34.3607
-72,72,-72,70,68.7191
-72,73,-72,70,103.073
-72,74,-72,70,137.419
-72,75,-72,70,171.756
-72,76,-72,70,206.082
-72,77,-71,71,238.979
-72,78,-71,71,270.65
-72,79,-71,71,303.09
-72,80,-71,71,336.067
-72,81,-69,78,351.575
-72,82,-69,78,364.95
-72,83,-69,78,381.453
-72,84,-69,78,400.692
-72,85,-69,78,422.289
-72,86,-69,78,445.897
-72,87,-69,78,471.207
-72,88,-69,78,497.953
-72,89,-69,78,525.91
-72,90,-69,78,554.887
-72,91,-69,78,584.726
-72,92,-67,86,602.393
-72,93,-67,86,618.282
-72,94,-67,86,636.112
-72,95,-67,86,655.719
-72,96,-66,96,667.17
-72,97,-66,97,667.17
-72,98,-66,98,667.17
-72,99,-66,99,667.17
-72,100,-66,100,667.17
-72,101,-66,101,667.17
-72,102,-66,101,668.335
-72,103,-66,103,667.17
-72,104,-67,113,655.719
-72,105,-67,113,636.112
-72,106,-67,113,618.282
-72,107,-67,113,602.393
-72,108,-67,113,588.606
-72,109,-67,113,577.075
-72,110,-67,113,567.942
-72,111,-67,113,561.326
-72,112,-67,113,557.317
-72,113,-67,113,555.975
-72,114,-67,114,555.975
-72,115,-67,115,555.975
-72,116,-67,116,555.975
-72,117,-67,117,555.975
-72,118,-67,118,555.975
-72,119,-67,119,555.975
-72,120,-67,120,555.975
-72,121,-67,121,555.975
-72,122,-67,121,557.317
-72,123,-67,121,561.326
-72,124,-67,121,567.942
-72,125,-67,127,561.326
-72,126,-67,127,557.317
-72,127,-67,127,555.975
-72,128,-67,128,555.975
-72,129,-67,129,555.975
-72,130,-67,129,557.317
-72,131,-67,129,561.326
-72,132,-67,129,567.942
-72,133,-67,129,577.075
-72,134,-67,129,588.606
-72,135,-67,129,602.393
-72,136,-68,146,583.741
-72,137,-68,146,560.042
-72,138,-68,146,537.935
-72,139,-68,146,517.631
-72,140,-68,146,499.355
-72,141,-68,146,483.343
-72,142,-68,146,469.83
-72,143,-68,146,459.041
-72,144,-68,146,451.174
-72,145,-68,146,446.387
-72,146,-68,146,444.78
-72,147,-71,159,436.933
-72,148,-71,159,403.077
-72,149,-71,159,369.431
-72,150,-71,159,336.067
-72,151,-71,159,303.09
-72,152,-71,159,270.65
-72,153,-71,159,238.979
-72,154,-72,160,206.082
-72,155,-72,160,171.756
-72,156,-72,160,137.419
-72,157,-72,160,103.073
-72,158,-72,160,68.7191
-72,159,-72,160,34.3607
-72,163,-72,162,34.3607
-72,164,-72,162,68.7191
-72,165,-72,166,34.3607
-71,-66,-71,-67,36.2011
-71,-65,-71,-64,36.2011
-71,2,-71,1,36.2011
-71,3,-71,1,72.3998
-71,4,-71,1,108.593
-71,5,-70,5,111.195
-71,6,-71,9,108.593
-71,7,-71,9,72.3998
-71,8,-71,9,36.2011
-71,13,-71,12,36.2011
-71,14,-71,12,72.3998
-71,15,-71,12,108.593
-71,16,-70,16,111.195
-71,17,-70,17,111.195
-71,18,-70,18,111.195
-71,19,-70,19,111.195
-71,20,-70,20,111.195
-71,21,-70,21,111.195
-71,22,-71,25,108.593
-71,23,-71,25,72.3998
-71,24,-71,25,36.2011
-71,27,-71,26,36.2011
-71,28,-71,26,72.3998
-71,29,-71,26,108.593
-71,30,-70,30,111.195
-71,31,-70,31,111.195
-71,32,-70,32,111.195
-71,33,-70,32,117.223
-71,34,-70,32,133.683
-71,35,-70,32,157.332
-71,36,-70,38,133.683
-71,37,-70,38,117.223
-71,38,-70,38,111.195
-71,39,-70,39,111.195
-71,40,-70,39,117.223
-71,41,-70,39,133.683
-71,42,-70,39,157.332
-71,43,-70,39,185.434
-71,44,-70,39,216.255
-71,45,-70,39,248.778
-71,46,-70,39,282.41
-71,47,-70,39,316.789
-71,48,-68,48,333.585
-71,49,-68,48,335.838
-71,50,-68,48,342.51
-71,51,-68,48,353.347
-71,52,-68,48,367.979
-71,53,-73,61,353.107
-71,54,-73,61,327.22
-71,55,-73,61,302.985
-71,56,-73,61,280.837
-71,57,-73,61,261.314
-71,58,-73,61,245.05
-71,59,-73,61,232.735
-71,60,-73,61,225.021
-71,61,-72,66,208.438
-71,62,-72,66,179.613
-71,63,-71,67,144.78
-71,64,-71,67,108.593
-71,65,-71,67,72.3998
-71,66,-71,67,36.2011
-71,72,-71,71,36.2011
-71,73,-71,71,72.3998
-71,74,-71,71,108.593
-71,75,-70,73,133.683
-71,76,-70,73,157.332
-71,77,-70,73,185.434
-71,78,-70,73,216.255
-71,79,-69,78,225.61
-71,80,-69,78,235.007
-71,81,-69,78,249.881
-71,82,-69,78,269.323
-71,83,-69,78,292.419
-71,84,-69,78,318.369
-71,85,-69,78,346.526
-71,86,-69,78,376.389
-71,87,-69,78,407.576
-71,88,-69,78,439.797
-71,89,-67,86,460.427
-71,90,-67,86,472.235
-71,91,-67,86,486.991
-71,92,-67,86,504.433
-71,93,-67,86,524.288
-71,94,-67,86,546.288
-71,95,-66,95,555.975
-71,96,-66,96,555.975
-71,97,-66,97,555.975
-71,98,-66,98,555.975
-71,99,-66,99,555.975
-71,100,-66,100,555.975
-71,101,-66,101,555.975
-71,102,-66,101,557.447
-71,103,-66,103,555.975
-71,104,-66,104,555.975
-71,105,-67,113,546.288
-71,106,-67,113,524.288
-71,107,-67,113,504.433
-71,108,-67,113,486.991
-71,109,-67,113,472.235
-71,110,-67,113,460.427
-71,111,-67,113,451.802
-71,112,-67,113,446.546
-71,113,-67,113,444.78
-71,114,-67,114,444.78
-71,115,-67,115,444.78
-71,116,-67,116,444.78
-71,117,-67,117,444.78
-71,118,-67,118,444.78
-71,119,-67,119,444.78
-71,120,-67,120,444.78
-71,121,-67,121,444.78
-71,122,-67,121,446.546
-71,123,-67,121,451.802
-71,124,-67,121,460.427
-71,125,-67,127,451.802
-71,126,-67,127,446.546
-71,127,-67,127,444.78
-71,128,-67,128,444.78
-71,129,-67,129,444.78
-71,130,-67,129,446.546
-71,131,-67,129,451.802
-71,132,-67,129,460.427
-71,133,-67,129,472.235
-71,134,-67,129,486.991
-71,135,-67,129,504.433
-71,136,-67,142,504.433
-71,137,-68,146,482.968
-71,138,-68,146,455.735
-71,139,-68,146,430.257
-71,140,-68,146,406.874
-71,141,-68,146,385.971
-71,142,-68,146,367.979
-71,143,-68,146,353.347
-71,144,-68,146,342.51
-71,145,-68,146,335.838
-71,146,-68,146,333.585
-71,147,-68,147,333.585
-71,148,-68,148,333.585
-71,149,-69,155,318.369
-71,150,-69,155,292.419
-71,151,-69,155,269.323
-71,152,-69,155,249.881
-71,153,-71,159,217.12
-71,154,-71,159,180.956
-71,155,-71,159,144.78
-71,156,-71,159,108.593
-71,157,-71,159,72.3998
-71,158,-71,159,36.2011
-70,-66,-70,-67,38.0305
-70,-65,-70,-67,76.0584
-70,-64,-70,-63,38.0305
-70,33,-70,32,38.0305
-70,34,-70,32,76.0584
-70,35,-69,35,111.195
-70,36,-70,38,76.0584
-70,37,-70,38,38.0305
-70,40,-70,39,38.0305
-70,41,-70,39,76.0584
-70,42,-70,39,114.081
-70,43,-70,39,152.096
-70,44,-70,39,190.101
-70,45,-68,44,225.924
-70,46,-68,44,236.209
-70,47,-68,48,225.924
-70,48,-68,48,222.39
-70,49,-68,48,225.924
-70,50,-68,48,236.209
-70,51,-68,48,252.418
-70,52,-68,48,273.496
-70,53,-68,48,298.408
-70,54,-68,48,326.271
-70,55,-67,55,333.585
-70,56,-67,56,333.585
-70,57,-67,57,333.585
-70,58,-70,66,304.029
-70,59,-70,66,266.07
-70,60,-70,66,228.093
-70,61,-70,66,190.101
-70,62,-70,66,152.096
-70,63,-70,66,114.081
-70,64,-70,66,76.0584
-70,65,-70,66,38.0305
-70,74,-70,73,38.0305
-70,75,-70,73,76.0584
-70,76,-69,76,111.195
-70,77,-69,77,111.195
-70,78,-69,78,111.195
-70,79,-69,78,117.813
-70,80,-69,78,135.742
-70,81,-69,78,161.25
-70,82,-69,78,191.323
-70,83,-69,78,224.125
-70,84,-69,78,258.613
-70,85,-69,78,294.186
-70,86,-68,80,326.271
-70,87,-67,86,336.053
-70,88,-67,86,343.352
-70,89,-67,86,355.181
-70,90,-67,86,371.105
-70,91,-67,86,390.619
-70,92,-67,86,413.211
-70,93,-67,86,438.399
-70,94,-66,94,444.78
-70,95,-66,95,444.78
-70,96,-66,96,444.78
-70,97,-66,97,444.78
-70,98,-66,98,444.78
-70,99,-66,99,444.78
-70,100,-66,100,444.78
-70,101,-66,101,444.78
-70,102,-66,101,446.711
-70,103,-66,103,444.78
-70,104,-66,104,444.78
-70,105,-66,105,444.78
-70,106,-67,113,438.399
-70,107,-67,113,413.211
-70,108,-67,113,390.619
-70,109,-67,113,371.105
-70,110,-67,113,355.181
-70,111,-67,113,343.352
-70,112,-67,113,336.053
-70,113,-67,113,333.585
-70,114,-67,114,333.585
-70,115,-67,115,333.585
-70,116,-67,116,333.585
-70,117,-67,117,333.585
-70,118,-67,118,333.585
-70,119,-67,119,333.585
-70,120,-67,120,333.585
-70,121,-67,121,333.585
-70,122,-67,121,336.053
-70,123,-67,121,343.352
-70,124,-67,121,355.181
-70,125,-67,127,343.352
-70,126,-67,127,336.053
-70,127,-67,127,333.585
-70,128,-67,128,333.585
-70,129,-67,129,333.585
-70,130,-67,129,336.053
-70,131,-67,129,343.352
-70,132,-67,129,355.181
-70,133,-67,129,371.105
-70,134,-67,129,390.619
-70,135,-67,129,413.211
-70,136,-67,142,413.211
-70,137,-67,142,390.619
-70,138,-67,142,371.105
-70,139,-67,142,355.181
-70,140,-68,146,326.271
-70,141,-68,146,298.408
-70,142,-68,146,273.496
-70,143,-68,146,252.418
-70,144,-68,146,236.209
-70,145,-68,146,225.924
-70,146,-68,146,222.39
-70,147,-68,147,222.39
-70,148,-68,148,222.39
-70,149,-68,149,222.39
-70,150,-68,150,222.39
-70,151,-69,155,191.323
-70,152,-69,155,161.25
-70,153,-69,155,135.742
-70,154,-69,155,117.813
-70,155,-69,155,111.195
-70,156,-69,156,111.195
-70,157,-70,159,76.0584
-70,158,-70,159,38.0305
-69,-66,-69,-67,39.8483
-69,40,-69,39,39.8483
-69,41,-69,39,79.6939
-69,42,-68,42,111.195
-69,43,-68,43,111.195
-69,44,-68,44,111.195
-69,45,-68,44,118.424
-69,46,-68,44,137.853
-69,47,-68,48,118.424
-69,48,-68,48,111.195
-69,49,-68,48,118.424
-69,50,-68,48,137.853
-69,51,-68,48,165.23
-69,52,-68,48,197.267
-69,53,-68,48,232.035
-69,54,-67,55,226.25
-69,55,-67,55,222.39
-69,56,-67,56,222.39
-69,57,-67,57,222.39
-69,58,-67,58,222.39
-69,59,-67,59,222.39
-69,60,-67,60,222.39
-69,61,-67,61,222.39
-69,62,-70,66,191.323
-69,63,-69,67,159.367
-69,64,-69,67,119.534
-69,65,-69,67,79.6939
-69,66,-69,67,39.8483
-69,79,-69,78,39.8483
-69,80,-69,78,79.6939
-69,81,-68,80,118.424
-69,82,-68,80,137.853
-69,83,-68,80,165.23
-69,84,-68,80,197.267
-69,85,-67,85,222.39
-69,86,-67,86,222.39
-69,87,-67,86,226.25
-69,88,-67,86,237.452
-69,89,-67,86,255.028
-69,90,-67,86,277.767
-69,91,-67,86,304.508
-69,92,-66,92,333.585
-69,93,-66,93,333.585
-69,94,-66,94,333.585
-69,95,-66,95,333.585
-69,96,-66,96,333.585
-69,97,-66,97,333.585
-69,98,-66,98,333.585
-69,99,-66,99,333.585
-69,100,-66,100,333.585
-69,101,-66,101,333.585
-69,102,-66,101,336.276
-69,103,-66,103,333.585
-69,104,-66,104,333.585
-69,105,-66,105,333.585
-69,106,-66,106,333.585
-69,107,-66,107,333.585
-69,108,-67,113,304.508
-69,109,-67,113,277.767
-69,110,-67,113,255.028
-69,111,-67,113,237.452
-69,112,-67,113,226.25
-69,113,-67,113,222.39
-69,114,-67,114,222.39
-69,115,-67,115,222.39
-69,116,-67,116,222.39
-69,117,-67,117,222.39
-69,118,-67,118,222.39
-69,119,-67,119,222.39
-69,120,-67,120,222.39
-69,121,-67,121,222.39
-69,122,-67,121,226.25
-69,123,-67,121,237.452
-69,124,-67,121,255.028
-69,125,-67,127,237.452
-69,126,-67,127,226.25
-69,127,-67,127,222.39
-69,128,-67,128,222.39
-69,129,-67,129,222.39
-69,130,-67,129,226.25
-69,131,-67,129,237.452
-69,132,-67,129,255.028
-69,133,-67,129,277.767
-69,134,-67,129,304.508
-69,135,-66,135,333.585
-69,136,-66,136,333.585
-69,137,-67,142,304.508
-69,138,-67,142,277.767
-69,139,-67,142,255.028
-69,140,-67,142,237.452
-69,141,-67,142,226.25
-69,142,-68,146,197.267
-69,143,-68,146,165.23
-69,144,-68,146,137.853
-69,145,-68,146,118.424
-69,146,-68,146,111.195
-69,147,-68,147,111.195
-69,148,-68,148,111.195
-69,149,-68,149,111.195
-69,150,-68,150,111.195
-69,151,-68,151,111.195
-69,152,-68,152,111.195
-69,153,-69,155,79.6939
-69,154,-69,155,39.8483
-68,45,-68,44,41.6539
-68,46,-68,44,83.3051
-68,47,-68,48,41.6539
-68,49,-68,48,41.6539
-68,50,-68,48,83.3051
-68,51,-67,51,111.195
-68,52,-67,51,119.055
-68,53,-67,51,140.011
-68,54,-67,55,119.055
-68,55,-67,55,111.195
-68,56,-67,56,111.195
-68,57,-67,57,111.195
-68,58,-67,58,111.195
-68,59,-67,59,111.195
-68,60,-67,60,111.195
-68,61,-67,61,111.195
-68,62,-67,62,111.195
-68,63,-67,63,111.195
-68,64,-67,64,111.195
-68,65,-67,65,111.195
-68,66,-67,66,111.195
-68,67,-68,69,83.3051
-68,68,-68,69,41.6539
-68,81,-68,80,41.6539
-68,82,-68,80,83.3051
-68,83,-67,83,111.195
-68,84,-67,84,111.195
-68,85,-67,85,111.195
-68,86,-67,86,111.195
-68,87,-67,86,119.055
-68,88,-67,86,140.011
-68,89,-67,86,169.263
-68,90,-67,86,203.254
-68,91,-66,91,222.39
-68,92,-66,92,222.39
-68,93,-66,93,222.39
-68,94,-66,94,222.39
-68,95,-66,95,222.39
-68,96,-66,96,222.39
-68,97,-66,97,222.39
-68,98,-66,98,222.39
-68,99,-66,99,222.39
-68,100,-66,100,222.39
-68,101,-66,101,222.39
-68,102,-66,101,226.587
-68,103,-66,103,222.39
-68,104,-66,104,222.39
-68,105,-66,105,222.39
-68,106,-66,106,222.39
-68,107,-66,107,222.39
-68,108,-66,108,222.39
-68,109,-67,113,203.254
-68,110,-67,113,169.263
-68,111,-67,113,140.011
-68,112,-67,113,119.055
-68,113,-67,113,111.195
-68,114,-67,114,111.195
-68,115,-67,115,111.195
-68,116,-67,116,111.195
-68,117,-67,117,111.195
-68,118,-67,118,111.195
-68,119,-67,119,111.195
-68,120,-67,120,111.195
-68,121,-67,121,111.195
-68,122,-67,121,119.055
-68,123,-67,121,140.011
-68,124,-67,121,169.263
-68,125,-67,127,140.011
-68,126,-67,127,119.055
-68,127,-67,127,111.195
-68,128,-67,128,111.195
-68,129,-67,129,111.195
-68,130,-67,129,119.055
-68,131,-67,129,140.011
-68,132,-67,129,169.263
-68,133,-67,129,203.254
-68,134,-66,134,222.39
-68,135,-66,135,222.39
-68,136,-66,136,222.39
-68,137,-66,137,222.39
-68,138,-67,142,203.254
-68,139,-67,142,169.263
-68,140,-67,142,140.011
-68,141,-67,142,119.055
-68,142,-67,142,111.195
-68,143,-67,143,111.195
-68,144,-68,146,83.3051
-68,145,-68,146,41.6539
-67,52,-67,51,43.4469
-67,53,-67,51,86.8909
-67,54,-67,55,43.4469
-67,87,-67,86,43.4469
-67,88,-67,86,86.8909
-67,89,-66,89,111.195
-67,90,-66,90,111.195
-67,91,-66,91,111.195
-67,92,-66,92,111.195
-67,93,-66,93,111.195
-67,94,-66,94,111.195
-67,95,-66,95,111.195
-67,96,-66,96,111.195
-67,97,-66,97,111.195
-67,98,-66,98,111.195
-67,99,-66,99,111.195
-67,100,-66,100,111.195
-67,101,-66,101,111.195
-67,102,-66,101,119.705
-67,103,-66,103,111.195
-67,104,-66,104,111.195
-67,105,-66,105,111.195
-67,106,-66,106,111.195
-67,107,-66,107,111.195
-67,108,-66,108,111.195
-67,109,-66,109,111.195
-67,110,-66,110,111.195
-67,111,-67,113,86.8909
-67,112,-67,113,43.4469
-67,122,-67,121,43.4469
-67,123,-67,121,86.8909
-67,124,-66,124,111.195
-67,125,-67,127,86.8909
-67,126,-67,127,43.4469
-67,130,-67,129,43.4469
-67,131,-67,129,86.8909
-67,132,-66,132,111.195
-67,133,-66,133,111.195
-67,134,-66,134,111.195
-67,135,-66,135,111.195
-67,136,-66,136,111.195
-67,137,-66,137,111.195
-67,138,-66,138,111.195
-67,139,-66,139,111.195
-67,140,-67,142,86.8909
-67,141,-67,142,43.4469
-66,53,-66,52,45.2266
-66,54,-66,55,45.2266
-66,102,-66,101,45.2266
-66,112,-66,111,45.2266
-30,126,-30,125,96.2973
-29,126,-29,125,97.253
-29,127,-30,127,111.195
-29,128,-29,129,97.253
-26,127,-26,126,99.9411
-26,128,-26,129,99.9411
-25,122,-25,121,100.777
-25,123,-25,124,100.777
-25,127,-25,126,100.777
-25,128,-25,129,100.777
-24,127,-24,126,101.581
-24,128,-24,129,101.581
-23,23,-23,22,102.355
-21,132,-21,131,103.809
-19,22,-19,21,105.137
-10,-73,-10,-74,109.506
-9,-54,-9,-55,109.826
-9,37,-9,36,109.826
-6,-73,-6,-74,110.586
-6,-71,-6,-72,110.586
-5,-72,-5,-73,110.772
-5,-70,-5,-71,110.772
-5,-69,-5,-68,110.772
-5,-66,-5,-67,110.772
-4,-73,-4,-74,110.924
-4,-65,-4,-66,110.924
-2,-64,-2,-65,111.127
-1,-77,-1,-78,111.178
-1,-65,-1,-66,111.178
-1,21,-1,20,111.178
1,-74,1,-75,111.178
1,-65,1,-66,111.178
1,-59,1,-60,111.178
1,-58,1,-57,111.178
1,-55,1,-56,111.178
1,-54,1,-53,111.178
2,-64,2,-65,111.127
2,-58,2,-59,111.127
3,-59,3,-60,111.043
3,-55,3,-56,111.043
4,-64,4,-65,110.924
4,-63,4,-62,110.924
5,-65,5,-66,110.772
5,-64,5,-63,110.772
16,9,16,8,106.887
16,11,16,10,106.887
17,11,17,10,106.336
18,9,18,8,105.753
19,9,19,8,105.137
23,25,23,24,102.355
24,25,24,24,101.581
25,8,25,7,100.777
28,38,28,37,98.179
28,39,28,40,98.179
28,43,28,42,98.179
29,38,29,37,97.253
31,-5,31,-6,95.3123
63,-48,63,-49,50.4809
63,-47,63,-49,100.959
63,-46,63,-44,100.959
63,-45,63,-44,50.4809
64,-49,64,-50,48.7441
64,-48,64,-50,97.4853
64,-47,64,-50,146.22
64,-46,64,-44,97.4853
64,-45,64,-44,48.7441
65,-49,65,-50,46.9925
65,-48,65,-50,93.9821
65,-47,65,-50,140.966
65,-46,64,-44,146.72
65,-45,64,-44,121.058
65,-44,65,-42,93.9821
65,-43,65,-42,46.9925
65,136,65,135,46.9925
66,-49,66,-50,45.2266
66,-48,66,-50,90.4503
66,-47,66,-50,135.668
66,-46,66,-50,180.878
66,-45,66,-42,135.668
66,-44,66,-42,90.4503
66,-43,66,-42,45.2266
67,-143,67,-144,43.4469
67,-49,67,-50,43.4469
67,-48,67,-50,86.8909
67,-47,67,-50,130.329
67,-46,67,-50,173.759
67,-45,66,-42,173.34
67,-44,66,-42,142.211
67,-43,66,-42,119.705
67,-42,66,-42,111.195
67,-41,67,-39,86.8909
67,-40,67,-39,43.4469
68,-143,68,-144,41.6539
68,-49,68,-50,41.6539
68,-48,68,-50,83.3051
68,-47,68,-50,124.951
68,-46,68,-50,166.588
68,-45,68,-50,208.215
68,-44,66,-42,238.734
68,-43,67,-39,203.254
68,-42,67,-39,169.263
68,-41,67,-39,140.011
68,-40,67,-39,119.055
68,-39,68,-37,83.3051
68,-38,68,-37,41.6539
69,-49,69,-50,39.8483
69,-48,69,-50,79.6939
69,-47,69,-50,119.534
69,-46,69,-50,159.367
69,-45,69,-50,199.188
69,-44,69,-50,238.997
69,-43,68,-37,268.469
69,-42,68,-37,232.035
69,-41,68,-37,197.267
69,-40,68,-37,165.23
69,-39,68,-37,137.853
69,-38,68,-37,118.424
69,-37,69,-35,79.6939
69,-36,69,-35,39.8483
70,-49,70,-50,38.0305
70,-48,70,-50,76.0584
70,-47,70,-50,114.081
70,-46,70,-50,152.096
70,-45,70,-50,190.101
70,-44,70,-50,228.093
70,-43,70,-50,266.07
70,-42,69,-35,294.186
70,-41,69,-35,258.613
70,-40,69,-35,224.125
70,-39,69,-35,191.323
70,-38,69,-35,161.25
70,-37,69,-35,135.742
70,-36,70,-33,114.081
70,-35,70,-33,76.0584
70,-34,70,-33,38.0305
71,-49,71,-50,36.2011
71,-48,71,-50,72.3998
71,-47,71,-50,108.593
71,-46,71,-50,144.78
71,-45,71,-50,180.956
71,-44,71,-50,217.12
71,-43,71,-50,253.27
71,-42,71,-50,289.402
71,-41,70,-33,316.789
71,-40,70,-33,282.41
71,-39,70,-33,248.778
71,-38,70,-33,216.255
71,-37,70,-33,185.434
71,-36,70,-33,157.332
71,-35,70,-33,133.683
71,-34,71,-31,108.593
71,-33,71,-31,72.3998
71,-32,71,-31,36.2011
71,109,71,108,36.2011
71,110,71,111,36.2011
72,-50,72,-51,34.3607
72,-49,72,-51,68.7191
72,-48,72,-51,103.073
72,-47,72,-51,137.419
72,-46,72,-51,171.756
72,-45,72,-51,206.082
72,-44,71,-50,238.979
72,-43,71,-50,270.65
72,-42,71,-50,303.09
72,-41,71,-50,336.067
72,-40,71,-31,336.067
72,-39,71,-31,303.09
72,-38,71,-31,270.65
72,-37,71,-31,238.979
72,-36,72,-30,206.082
72,-35,72,-30,171.756
72,-34,72,-30,137.419
72,-33,72,-30,103.073
72,-32,72,-30,68.7191
72,-31,72,-30,34.3607
73,-51,73,-52,32.5099
73,-50,73,-52,65.0175
73,-49,73,-52,97.5206
73,-48,73,-52,130.017
73,-47,73,-52,162.504
73,-46,73,-52,194.98
73,-45,73,-52,227.442
73,-44,72,-51,258.926
73,-43,72,-51,289.406
73,-42,72,-51,320.443
73,-41,72,-51,351.882
73,-40,73,-30,324.725
73,-39,73,-30,292.317
73,-38,73,-30,259.889
73,-37,73,-30,227.442
73,-36,73,-30,194.98
73,-35,73,-30,162.504
73,-34,73,-30,130.017
73,-33,73,-30,97.5206
73,-32,73,-30,65.0175
73,-31,73,-30,32.5099
74,-54,74,-55,30.6491
74,-53,74,-55,61.2961
74,-52,74,-55,91.9387
74,-51,73,-52,115.589
74,-50,73,-52,127.866
74,-49,73,-52,146.05
74,-48,73,-52,168.232
74,-47,73,-52,193.033
74,-46,73,-52,219.561
74,-45,73,-52,247.256
74,-44,73,-52,275.76
74,-43,73,-52,304.838
74,-42,73,-52,334.334
74,-41,74,-30,336.666
74,-40,74,-30,306.135
74,-39,74,-30,275.583
74,-38,74,-30,245.012
74,-37,74,-30,214.423
74,-36,74,-30,183.819
74,-35,74,-30,153.202
74,-34,74,-30,122.575
74,-33,74,-30,91.9387
74,-32,74,-30,61.2961
74,-31,74,-30,30.6491
75,-55,75,-56,28.779
75,-54,75,-56,57.556
75,-53,75,-56,86.3289
75,-52,75,-56,115.096
75,-51,75,-56,143.854
75,-50,75,-56,172.603
75,-49,75,-56,201.339
75,-48,75,-56,230.06
75,-47,75,-56,258.766
75,-46,75,-56,287.453
75,-45,73,-52,308.641
75,-44,73,-52,330.544
75,-43,73,-52,353.715
75,-42,74,-30,372.771
75,-41,74,-30,344.668
75,-40,74,-30,316.809
75,-39,74,-30,289.274
75,-38,74,-30,262.173
75,-37,74,-30,235.665
75,-36,74,-30,209.985
75,-35,74,-30,185.484
75,-34,74,-30,162.705
75,-33,74,-30,142.484
75,-32,74,-30,126.065
75,-31,74,-30,115.093
75,-30,75,-27,86.3289
75,-29,75,-27,57.556
75,-28,75,-27,28.779
