run_id,model,cost_basis,finance,build,water,land,land_table,pv,time_step_h,allocation,cells,weather,release,location,job_ids,status,submitted_utc,upstream_run,network_runs,notes
ll_xcost45_ameli_bflat_wnone_landarch_track_4h,ll,xcost45,ameli,bflat,none,landarch,archived c_NH3_cost_4.5.csv,track,4.0,complete_overlap,15377,legacy_2019,20260915-legacy-v3,results/campaigns/legacy_lcoa_20260915_v1/arc_received_global_archived_v2,8821144,done,2026-09-15,,gpo E (8823893),"Legacy replication: lcoa-opt 94de8ce, x_Cost RCP4.5 2050 CAPEX x 0.1143, Ameli WACC, 4 h step; capacity by the recovered rule (140/7.3 MW per km2, 2 % share) reproduces the archived table"
ll_xcost45_ameli_bflat_wnone_landleg2sw_track_4h,ll,xcost45,ameli,bflat,none,landleg2sw,September south-west build (mislabelled by one degree),track,4.0,complete_overlap,15377,legacy_2019,20260915-legacy-v3,results/campaigns/legacy_lcoa_20260915_v1/audit/global-supplier-table-stated-v1,post-hoc,superseded,2026-09-16,ll_xcost45_ameli_bflat_wnone_landarch_track_4h,gpo F,"Stated method (200 km2/GW wind, latitude-packed PV) on the September land table; superseded by the centred build"
ll_xcost45_ameli_bflat_wnone_landleg2c_track_4h,ll,xcost45,ameli,bflat,none,landleg2c,land_center_20260923_v1 2pct,track,4.0,complete_overlap,15377,legacy_2019,20260915-legacy-v3,,post-hoc,superseded,,ll_xcost45_ameli_bflat_wnone_landarch_track_4h,,Legacy plant with the rebuilt land stack: stated method on the centred 2 % table with exclusions (no new solve)
gl_way2050_ameli_bflat_wflat_land2sw_track,gl,way2050,ameli,bflat,wflat,land2sw,September south-west build (mislabelled),track,1.0,exclusive,52702,legacy_2019,20260914-v3,results/campaigns/verschuur_reconcile_20260907_v1/comparison/global-20260914-v2/revalidated/central,global-20260914-v2,superseded,2026-09-14,,gpo C,"September central surface (explicit compressor, DEA tank); land table bug found 23 Sep"
gl_dea2050_wacc5_bflat_wflat_land20c_fixed,gl,dea2050,wacc5,bflat,wflat,land20c,land_center_20260923_v1 20pct,fixed,1.0,colocated,16509,legacy_2019,20260928-keyruns-v6,green-lory-campaigns/keyruns_20260923_v1/30_keyruns/gl_dea2050_wacc5_bflat_wflat_land20c_fixed/runs/20260928-v4/global,"global shards 13288331-13288334, QA 13288335 (arc); earlier attempts 8887019-22 and 8923443-46 failed/cancelled",done,2026-09-24,,"gpo 13296857: 370.96 USD/t, gap 0.75 %, AUS 221.7 Mt/yr","Key run 1: uniform 5 % WACC, flat build, uniform water 2 EUR2020/m3 (2.284 USD2020) in the headline, zero land rent, onshore cells with suitable land only"
gl_dea2050_ameli_bflat_wflat_land20c_fixed,gl,dea2050,ameli,bflat,wflat,land20c,land_center_20260923_v1 20pct,fixed,1.0,colocated,16509,legacy_2019,20260928-keyruns-v6,green-lory-campaigns/keyruns_20260923_v1/30_keyruns/gl_dea2050_ameli_bflat_wflat_land20c_fixed/runs/20260928-v4/global,"global shards 13288339-13288342, QA 13288343 (arc); earlier attempts 8887025-28 and 13287985-88 failed/cancelled",done,2026-09-24,,"gpo 13296860: 372.58 USD/t, gap 0.73 %, AUS 219.5 Mt/yr","Key run 2: Ameli reduced WACC by country, otherwise as key run 1"
gl_dea2050_wacc5_bflat_wflat_land2c_fixed,gl,dea2050,wacc5,bflat,wflat,land2c,land_center_20260923_v1 2pct,fixed,1.0,colocated,16509,legacy_2019,20260928-keyruns-v8,green-lory-campaigns/keyruns_20260923_v1/30_keyruns/gl_dea2050_wacc5_bflat_wflat_land2c_fixed/runs/20260928-v4/derived,post-hoc,done,,gl_dea2050_wacc5_bflat_wflat_land20c_fixed,"gpo 13296863: 416.90 USD/t, gap 0.48 %, AUS 17.1 Mt/yr","Land-share sensitivity: capacities of key run 1 rescaled by 0.1 (post-processing), new supplier contract and network"
gl_dea2050_ameli_bspat_wspat_land20c_fixed,gl,dea2050,ameli,bspat,wspat,land20c,land_center_20260923_v1 20pct,fixed,1.0,colocated,16964,legacy_2019,,,,deferred,,,,Spatial build/remoteness and spatial water: deferred until the remoteness and water-access inputs are reviewed (see RUNS.md 23 Sep)
land_center_20260923_v1,land,,,,,land100c,,,,,54000,,20260923-land-center-v1,/data/engs-df-green-ammonia/engs2523/green-lory-campaigns/land_center_20260923_v1,13225827;13225828;13225829,done,2026-09-23,,,Centred 100 % build with WDPA and >15 degree slope exclusions; derived 2 % and 20 % tables
ll_way2050_ameli_bflat_wflat_landleg2c_track_4h_glannuity,ll,way2050,ameli,bflat,wflat,landleg2c,land_center_20260923_v1 2pct,track,4.0,complete_overlap,15377,legacy_2019,20260924-legacy-v4,green-lory-campaigns/keyruns_20260923_v1/legacy_glannuity_20260924_v1,"13237736 (array 0-15, arc); test 13237552",done,2026-09-24,,"gpo 13296865: 251.59 USD/t, gap 0.50 %, AUS 202.8 Mt/yr","Key legacy run: x_Cost RCP4.5 2050 CAPEX, Ameli WACC, green-lory annuity (lifetimes/O&M of the Way 2050 YAML), stated-method capacity on the centred 2 % table, water 3 EUR2020/t (1.5 m3/t x 2 EUR) added post-hoc; three-cell test 13237552"
gl_way2050_ameli_bflat_wnone_land2c_fixed_pilot3cells,gl,way2050,ameli,bflat,wnone,land2c,land_center_20260923_v1 2pct,fixed,1.0,colocated,3,legacy_2019 (hashed subsets of fixed_pv_3cells_v2),20260928-keyruns-v4,green-lory-campaigns/land_reconcile_20260914_v1/supply_curve_v6_fixed_center; local copy land_reconcile_20260914_v1/arc_received_colocated_v6_center,8923430 (htc),done,2026-09-28,,,"Three-cell finite-site supply curves (in_solve, solved_quantity) on the centred 2 % table; replaces v5 (13225807) which used the mislabelled September table; Way overlay YAML and controls of v5"
gl_way2050_ameli_bflat_wnone_land2c_track_pilot3cells,gl,way2050,ameli,bflat,wnone,land2c,land_center_20260923_v1 2pct,track,1.0,colocated,3,legacy_2019 (hashed subsets of fixed_pv_3cells_v2),20260928-keyruns-v4,green-lory-campaigns/land_reconcile_20260914_v1/supply_curve_v6_track_center; local copy land_reconcile_20260914_v1/arc_received_colocated_v6_center,13287974 (arc),done,2026-09-28,,,"Three-cell finite-site supply curves (in_solve, solved_quantity) on the centred 2 % table; replaces v5 (13225809) which used the mislabelled September table; Way overlay YAML and controls of v5"
