name,lat,lon
cm23_m69,-23.0,-69.0
cm23_117,-23.0,117.0
cm21_135,-21.0,135.0
cm3_34,-3.0,34.0
c8_m9,8.0,-9.0
c8_m12,8.0,-12.0
cm6_m42,-6.0,-42.0
c9_45,9.0,45.0
c3_16,3.0,16.0
c7_13,7.0,13.0
cm2_11,-2.0,11.0
cm7_111,-7.0,111.0
cm6_36,-6.0,36.0
c9_22,9.0,22.0
cm7_m72,-7.0,-72.0
c5_25,5.0,25.0
c6_43,6.0,43.0
cm3_141,-3.0,141.0
cm7_m56,-7.0,-56.0
cm3_m58,-3.0,-58.0
c1_36,1.0,36.0
cm7_35,-7.0,35.0
c4_12,4.0,12.0
cm7_m55,-7.0,-55.0
c9_38,9.0,38.0
cm8_m45,-8.0,-45.0
cm3_20,-3.0,20.0
cm8_m55,-8.0,-55.0
c0_111,0.0,111.0
c4_18,4.0,18.0
cm8_m38,-8.0,-38.0
cm9_m39,-9.0,-39.0
cm8_m57,-8.0,-57.0
c0_38,0.0,38.0
c9_m7,9.0,-7.0
cm5_28,-5.0,28.0
c9_29,9.0,29.0
cm8_37,-8.0,37.0
c6_m70,6.0,-70.0
cm1_113,-1.0,113.0
cm7_m37,-7.0,-37.0
cm7_m39,-7.0,-39.0
cm7_107,-7.0,107.0
c3_45,3.0,45.0
c7_100,7.0,100.0
cm1_111,-1.0,111.0
c2_99,2.0,99.0
cm3_40,-3.0,40.0
c3_19,3.0,19.0
c9_46,9.0,46.0
cm2_104,-2.0,104.0
c8_36,8.0,36.0
cm9_142,-9.0,142.0
c1_m79,1.0,-79.0
cm3_108,-3.0,108.0
c6_m75,6.0,-75.0
c7_3,7.0,3.0
c1_34,1.0,34.0
c8_29,8.0,29.0
c1_m77,1.0,-77.0
cm3_36,-3.0,36.0
cm8_14,-8.0,14.0
c8_40,8.0,40.0
c2_112,2.0,112.0
cm4_m40,-4.0,-40.0
cm3_32,-3.0,32.0
c7_14,7.0,14.0
c5_10,5.0,10.0
cm9_21,-9.0,21.0
c1_10,1.0,10.0
cm1_9,-1.0,9.0
c5_m71,5.0,-71.0
cm8_m49,-8.0,-49.0
c2_m72,2.0,-72.0
cm4_143,-4.0,143.0
cm8_21,-8.0,21.0
c9_35,9.0,35.0
c7_m73,7.0,-73.0
c3_41,3.0,41.0
c7_40,7.0,40.0
cm6_m55,-6.0,-55.0
cm5_m56,-5.0,-56.0
cm6_106,-6.0,106.0
c19_34,19.0,34.0
c11_m11,11.0,-11.0
cm10_m76,-10.0,-76.0
c15_m12,15.0,-12.0
c18_m97,18.0,-97.0
cm16_m68,-16.0,-68.0
c18_m94,18.0,-94.0
cm18_143,-18.0,143.0
c18_95,18.0,95.0
c17_m96,17.0,-96.0
cm10_16,-10.0,16.0
c15_m11,15.0,-11.0
c19_m88,19.0,-88.0
cm17_37,-17.0,37.0
c17_32,17.0,32.0
c18_13,18.0,13.0
c15_1,15.0,1.0
c13_79,13.0,79.0
c16_28,16.0,28.0
c17_82,17.0,82.0
c15_m4,15.0,-4.0
c13_6,13.0,6.0
cm17_m68,-17.0,-68.0
cm12_m61,-12.0,-61.0
cm14_18,-14.0,18.0
c17_22,17.0,22.0
cm15_m74,-15.0,-74.0
c10_1,10.0,1.0
cm12_m57,-12.0,-57.0
cm18_m54,-18.0,-54.0
cm14_m40,-14.0,-40.0
c13_3,13.0,3.0
c10_19,10.0,19.0
c11_m5,11.0,-5.0
cm14_m41,-14.0,-41.0
c17_80,17.0,80.0
cm11_25,-11.0,25.0
c11_24,11.0,24.0
cm16_145,-16.0,145.0
c15_m10,15.0,-10.0
c10_m3,10.0,-3.0
c11_48,11.0,48.0
c15_122,15.0,122.0
cm14_131,-14.0,131.0
cm19_m53,-19.0,-53.0
c19_m1,19.0,-1.0
cm14_33,-14.0,33.0
c13_107,13.0,107.0
c15_37,15.0,37.0
c19_m10,19.0,-10.0
cm16_18,-16.0,18.0
c10_21,10.0,21.0
cm18_13,-18.0,13.0
c12_13,12.0,13.0
cm11_m50,-11.0,-50.0
c19_96,19.0,96.0
c19_m101,19.0,-101.0
c18_m1,18.0,-1.0
cm16_28,-16.0,28.0
cm15_144,-15.0,144.0
c16_108,16.0,108.0
c14_6,14.0,6.0
c11_39,11.0,39.0
c16_20,16.0,20.0
cm18_m45,-18.0,-45.0
cm18_137,-18.0,137.0
cm13_134,-13.0,134.0
c14_108,14.0,108.0
cm18_34,-18.0,34.0
c12_23,12.0,23.0
cm13_135,-13.0,135.0
c12_79,12.0,79.0
cm17_m64,-17.0,-64.0
cm11_m59,-11.0,-59.0
c17_39,17.0,39.0
c14_76,14.0,76.0
c14_m14,14.0,-14.0
c19_m4,19.0,-4.0
c15_15,15.0,15.0
cm11_m55,-11.0,-55.0
cm23_m55,-23.0,-55.0
c28_m82,28.0,-82.0
cm26_152,-26.0,152.0
cm23_19,-23.0,19.0
cm28_150,-28.0,150.0
cm27_132,-27.0,132.0
cm27_32,-27.0,32.0
cm29_141,-29.0,141.0
cm23_135,-23.0,135.0
c23_32,23.0,32.0
cm23_24,-23.0,24.0
c29_98,29.0,98.0
cm23_114,-23.0,114.0
c21_8,21.0,8.0
cm25_m54,-25.0,-54.0
c24_46,24.0,46.0
c28_m8,28.0,-8.0
cm27_m57,-27.0,-57.0
c23_51,23.0,51.0
c25_18,25.0,18.0
c23_56,23.0,56.0
c21_m88,21.0,-88.0
cm29_124,-29.0,124.0
c21_101,21.0,101.0
cm21_m52,-21.0,-52.0
cm26_23,-26.0,23.0
cm21_m62,-21.0,-62.0
c27_102,27.0,102.0
c27_m109,27.0,-109.0
c22_112,22.0,112.0
cm29_20,-29.0,20.0
c22_82,22.0,82.0
c23_22,23.0,22.0
c27_3,27.0,3.0
c24_m2,24.0,-2.0
cm27_139,-27.0,139.0
cm21_142,-21.0,142.0
c25_34,25.0,34.0
c28_46,28.0,46.0
c25_49,25.0,49.0
cm20_124,-20.0,124.0
cm23_26,-23.0,26.0
c24_43,24.0,43.0
cm26_18,-26.0,18.0
c23_102,23.0,102.0
c20_75,20.0,75.0
cm25_140,-25.0,140.0
cm21_45,-21.0,45.0
cm26_m58,-26.0,-58.0
c24_71,24.0,71.0
c25_m105,25.0,-105.0
c23_m13,23.0,-13.0
c28_m105,28.0,-105.0
c29_76,29.0,76.0
cm23_m49,-23.0,-49.0
c25_77,25.0,77.0
c26_73,26.0,73.0
c26_m106,26.0,-106.0
c24_81,24.0,81.0
cm20_m45,-20.0,-45.0
c23_101,23.0,101.0
cm28_m64,-28.0,-64.0
cm22_133,-22.0,133.0
c25_46,25.0,46.0
cm29_m57,-29.0,-57.0
c29_117,29.0,117.0
cm23_149,-23.0,149.0
c24_m10,24.0,-10.0
cm28_25,-28.0,25.0
c26_90,26.0,90.0
c25_m101,25.0,-101.0
c28_73,28.0,73.0
c25_117,25.0,117.0
c24_110,24.0,110.0
cm20_m66,-20.0,-66.0
cm29_m64,-29.0,-64.0
cm28_m51,-28.0,-51.0
c28_100,28.0,100.0
cm22_134,-22.0,134.0
c28_8,28.0,8.0
cm30_26,-30.0,26.0
c34_5,34.0,5.0
cm30_133,-30.0,133.0
c30_63,30.0,63.0
cm33_23,-33.0,23.0
cm32_19,-32.0,19.0
c34_99,34.0,99.0
c31_m86,31.0,-86.0
c35_88,35.0,88.0
c30_12,30.0,12.0
c38_23,38.0,23.0
c34_92,34.0,92.0
c37_96,37.0,96.0
c32_57,32.0,57.0
c38_m4,38.0,-4.0
cm34_m68,-34.0,-68.0
c34_110,34.0,110.0
cm33_138,-33.0,138.0
c31_65,31.0,65.0
c38_m81,38.0,-81.0
cm31_149,-31.0,149.0
c36_41,36.0,41.0
c31_14,31.0,14.0
c34_59,34.0,59.0
c39_102,39.0,102.0
c30_61,30.0,61.0
c36_47,36.0,47.0
c39_36,39.0,36.0
cm31_24,-31.0,24.0
c37_100,37.0,100.0
c33_66,33.0,66.0
c34_m115,34.0,-115.0
c32_88,32.0,88.0
cm32_151,-32.0,151.0
c30_114,30.0,114.0
c37_98,37.0,98.0
c35_114,35.0,114.0
c37_m119,37.0,-119.0
c35_85,35.0,85.0
c36_64,36.0,64.0
cm36_143,-36.0,143.0
c34_132,34.0,132.0
c33_92,33.0,92.0
c35_81,35.0,81.0
c32_11,32.0,11.0
c32_93,32.0,93.0
c38_63,38.0,63.0
c32_m110,32.0,-110.0
c32_63,32.0,63.0
c34_57,34.0,57.0
c31_87,31.0,87.0
c30_m92,30.0,-92.0
c30_m85,30.0,-85.0
c39_69,39.0,69.0
c30_57,30.0,57.0
c32_102,32.0,102.0
c39_m108,39.0,-108.0
c38_m2,38.0,-2.0
cm35_m60,-35.0,-60.0
cm36_146,-36.0,146.0
c34_m106,34.0,-106.0
c32_99,32.0,99.0
cm36_144,-36.0,144.0
c38_104,38.0,104.0
c37_76,37.0,76.0
c38_m100,38.0,-100.0
c39_41,39.0,41.0
cm35_m67,-35.0,-67.0
c39_m99,39.0,-99.0
c35_70,35.0,70.0
cm30_122,-30.0,122.0
c35_73,35.0,73.0
c38_m110,38.0,-110.0
c34_40,34.0,40.0
c30_98,30.0,98.0
c32_9,32.0,9.0
c35_m90,35.0,-90.0
c33_m90,33.0,-90.0
c35_111,35.0,111.0
c34_69,34.0,69.0
c49_109,49.0,109.0
c47_34,47.0,34.0
c42_m83,42.0,-83.0
c40_76,40.0,76.0
c42_72,42.0,72.0
c47_99,47.0,99.0
cm41_173,-41.0,173.0
c44_133,44.0,133.0
c46_19,46.0,19.0
c45_136,45.0,136.0
c41_m114,41.0,-114.0
c46_86,46.0,86.0
c43_76,43.0,76.0
cm46_m74,-46.0,-74.0
c46_m93,46.0,-93.0
c49_60,49.0,60.0
c41_25,41.0,25.0
cm46_168,-46.0,168.0
c43_98,43.0,98.0
c41_120,41.0,120.0
c42_88,42.0,88.0
cm45_m72,-45.0,-72.0
c40_102,40.0,102.0
cm43_172,-43.0,172.0
c44_6,44.0,6.0
c48_67,48.0,67.0
c48_m78,48.0,-78.0
c45_0,45.0,0.0
c41_m117,41.0,-117.0
c48_88,48.0,88.0
c44_94,44.0,94.0
c49_m94,49.0,-94.0
c46_72,46.0,72.0
c40_106,40.0,106.0
c46_m90,46.0,-90.0
c48_m117,48.0,-117.0
c49_70,49.0,70.0
c40_m75,40.0,-75.0
c45_108,45.0,108.0
c45_m93,45.0,-93.0
c42_47,42.0,47.0
c47_98,47.0,98.0
c48_m56,48.0,-56.0
cm48_m71,-48.0,-71.0
c47_117,47.0,117.0
c42_m2,42.0,-2.0
cm48_m68,-48.0,-68.0
c49_m71,49.0,-71.0
c48_m72,48.0,-72.0
c48_17,48.0,17.0
c49_118,49.0,118.0
c44_108,44.0,108.0
c46_90,46.0,90.0
c40_27,40.0,27.0
cm40_m63,-40.0,-63.0
cm48_m72,-48.0,-72.0
c43_m78,43.0,-78.0
c49_117,49.0,117.0
c47_65,47.0,65.0
c42_85,42.0,85.0
c47_33,47.0,33.0
c48_78,48.0,78.0
c42_35,42.0,35.0
c46_102,46.0,102.0
c46_m69,46.0,-69.0
c47_112,47.0,112.0
c42_m106,42.0,-106.0
c40_93,40.0,93.0
c49_69,49.0,69.0
c43_46,43.0,46.0
cm40_m72,-40.0,-72.0
cm49_m68,-49.0,-68.0
c44_60,44.0,60.0
c42_m124,42.0,-124.0
c46_m68,46.0,-68.0
c44_16,44.0,16.0
c42_60,42.0,60.0
c49_111,49.0,111.0
c45_119,45.0,119.0
c48_m76,48.0,-76.0
c50_43,50.0,43.0
c51_22,51.0,22.0
c51_m66,51.0,-66.0
c56_53,56.0,53.0
c51_110,51.0,110.0
c58_93,58.0,93.0
c54_93,54.0,93.0
c57_m101,57.0,-101.0
c58_92,58.0,92.0
c50_m107,50.0,-107.0
c53_m107,53.0,-107.0
c53_m127,53.0,-127.0
c58_80,58.0,80.0
c53_136,53.0,136.0
c59_65,59.0,65.0
c51_73,51.0,73.0
c57_40,57.0,40.0
c50_67,50.0,67.0
c52_133,52.0,133.0
c57_m158,57.0,-158.0
c51_84,51.0,84.0
c51_7,51.0,7.0
c52_73,52.0,73.0
c56_m132,56.0,-132.0
c57_14,57.0,14.0
c56_127,56.0,127.0
c55_m89,55.0,-89.0
c57_91,57.0,91.0
c57_32,57.0,32.0
c53_56,53.0,56.0
c56_m121,56.0,-121.0
c55_m122,55.0,-122.0
c54_m75,54.0,-75.0
c55_121,55.0,121.0
c59_m98,59.0,-98.0
c58_73,58.0,73.0
c50_122,50.0,122.0
c52_m66,52.0,-66.0
c56_m71,56.0,-71.0
c51_m2,51.0,-2.0
c53_110,53.0,110.0
c51_5,51.0,5.0
c55_92,55.0,92.0
c50_m83,50.0,-83.0
c51_m121,51.0,-121.0
c56_m96,56.0,-96.0
cm52_m70,-52.0,-70.0
c58_58,58.0,58.0
c54_59,54.0,59.0
c53_m66,53.0,-66.0
c51_70,51.0,70.0
c57_31,57.0,31.0
c55_118,55.0,118.0
c58_77,58.0,77.0
c58_121,58.0,121.0
cm50_m70,-50.0,-70.0
c54_m67,54.0,-67.0
c51_24,51.0,24.0
c55_m93,55.0,-93.0
cm52_m60,-52.0,-60.0
c54_83,54.0,83.0
c59_m159,59.0,-159.0
c51_87,51.0,87.0
c58_123,58.0,123.0
c56_47,56.0,47.0
c55_84,55.0,84.0
c51_127,51.0,127.0
c56_107,56.0,107.0
c56_39,56.0,39.0
c55_m107,55.0,-107.0
c53_135,53.0,135.0
c58_m106,58.0,-106.0
c54_m116,54.0,-116.0
c53_71,53.0,71.0
c51_36,51.0,36.0
c57_73,57.0,73.0
c58_139,58.0,139.0
c53_39,53.0,39.0
c56_134,56.0,134.0
c52_104,52.0,104.0
c66_m109,66.0,-109.0
c64_62,64.0,62.0
c68_147,68.0,147.0
c66_95,66.0,95.0
c67_45,67.0,45.0
c68_21,68.0,21.0
c69_108,69.0,108.0
c69_m79,69.0,-79.0
c66_108,66.0,108.0
c67_17,67.0,17.0
c67_110,67.0,110.0
c69_98,69.0,98.0
c67_m137,67.0,-137.0
c64_173,64.0,173.0
c64_139,64.0,139.0
c66_69,66.0,69.0
c69_m110,69.0,-110.0
c67_151,67.0,151.0
c61_m96,61.0,-96.0
c69_99,69.0,99.0
c61_37,61.0,37.0
c62_68,62.0,68.0
c62_132,62.0,132.0
c67_95,67.0,95.0
c69_102,69.0,102.0
c64_64,64.0,64.0
c64_m104,64.0,-104.0
c61_102,61.0,102.0
c66_m121,66.0,-121.0
c65_60,65.0,60.0
c60_72,60.0,72.0
c64_m111,64.0,-111.0
c66_m144,66.0,-144.0
c60_m111,60.0,-111.0
c64_97,64.0,97.0
c68_38,68.0,38.0
c62_141,62.0,141.0
c69_m72,69.0,-72.0
c63_m145,63.0,-145.0
c65_m141,65.0,-141.0
c63_m42,63.0,-42.0
c69_95,69.0,95.0
c64_165,64.0,165.0
c68_112,68.0,112.0
c64_36,64.0,36.0
c61_9,61.0,9.0
c68_m68,68.0,-68.0
c69_33,69.0,33.0
c64_52,64.0,52.0
c65_103,65.0,103.0
c66_59,66.0,59.0
c65_18,65.0,18.0
c61_m120,61.0,-120.0
c64_127,64.0,127.0
c62_m158,62.0,-158.0
c62_15,62.0,15.0
c65_71,65.0,71.0
c67_78,67.0,78.0
c65_161,65.0,161.0
c65_m154,65.0,-154.0
c62_86,62.0,86.0
c65_m134,65.0,-134.0
c69_176,69.0,176.0
c69_36,69.0,36.0
c69_m162,69.0,-162.0
c60_85,60.0,85.0
c65_121,65.0,121.0
c67_59,67.0,59.0
c63_m141,63.0,-141.0
c60_m108,60.0,-108.0
c60_47,60.0,47.0
c66_145,66.0,145.0
c61_123,61.0,123.0
c64_31,64.0,31.0
c67_88,67.0,88.0
c68_169,68.0,169.0
c61_m111,61.0,-111.0
c67_48,67.0,48.0
c63_29,63.0,29.0
c69_163,69.0,163.0
